"id","first_name","last_name","email","join_date","loyalty_points"
"1","Danielle","Douglas","barbernicole@example.net","2025-07-05","30"
"2","Philip","Burnett","alison60@example.net","2026-02-06","417"
"3","Michelle","Krause","alexanderramos@example.com","2025-05-28","220"
"4","Joshua","Hudson","brandongomez@example.org","2026-03-06","379"
"5","Andrea","Arnold","marydougherty@example.com","2025-05-06","53"
"6","Kristen","Bennett","gsmith@example.org","2026-03-20","75"
"7","Tony","Poole","gonzalesmichaela@example.net","2025-10-24","463"
"8","Thomas","Smith","jim09@example.com","2026-03-02","853"
"9","Daniel","Vega","mjones@example.net","2026-03-07","828"
"10","Mark","Rogers","lyonsmorgan@example.com","2026-03-04","370"
"11","Christopher","Smith","robert99@example.net","2025-07-17","473"
"12","Sarah","Blake","piercejames@example.net","2025-05-06","13"
"13","Eric","Hall","jamesnguyen@example.net","2026-03-22","707"
"14","Michael","Navarro","zcarter@example.org","2025-12-19","372"
"15","Andrea","Vaughan","michele99@example.net","2025-04-18","405"
"16","Darren","Harding","thomaskelly@example.net","2026-02-26","803"
"17","Sergio","Bennett","robert42@example.net","2026-01-27","424"
"18","Miranda","Cabrera","onorris@example.org","2025-10-31","643"
"19","Edward","Griffin","leonardelizabeth@example.com","2025-08-06","881"
"20","Katie","Martinez","clarkpatricia@example.com","2025-10-25","480"
"21","Rodney","Mosley","harringtonjessica@example.org","2025-07-20","404"
"22","Todd","Mcgee","jasonwashington@example.org","2025-03-31","159"
"23","Willie","Gonzalez","carrillokathleen@example.org","2025-10-12","436"
"24","Danielle","Nichols","lblake@example.org","2025-04-13","862"
"25","Carolyn","Taylor","nlowe@example.org","2025-09-20","741"
"26","Jenny","Robinson","mrichards@example.com","2026-03-25","425"
"27","Andrew","Bentley","ugolden@example.net","2026-03-22","453"
"28","Jocelyn","Brown","sarah77@example.net","2025-05-23","490"
"29","Donna","Wang","leslie09@example.org","2025-08-30","761"
"30","Joseph","Sanchez","monica71@example.net","2025-06-18","491"
"31","Amanda","Larson","fsmith@example.com","2026-02-23","852"
"32","John","Morgan","jashley@example.net","2025-10-28","662"
"33","Jessica","Barr","jacobsdavid@example.com","2025-07-20","657"
"34","Jenny","Soto","oliverkeith@example.com","2025-11-16","388"
"35","Madeline","Giles","hansonsuzanne@example.org","2025-05-13","312"
"36","Ariel","Manning","franklindaisy@example.org","2025-08-18","318"
"37","Kevin","Dyer","joshua06@example.com","2026-01-06","884"
"38","Christopher","Collins","maryross@example.net","2025-12-05","301"
"39","Phillip","Hernandez","alexis65@example.net","2025-09-25","481"
"40","Sherry","Wilson","gstewart@example.net","2026-01-12","12"
"41","Barbara","Kirk","wmcconnell@example.com","2026-02-13","852"
"42","James","Velez","christopher02@example.net","2025-12-13","378"
"43","Wanda","Davis","xlopez@example.com","2025-06-12","378"
"44","Alejandra","Phelps","karenmarks@example.org","2025-07-07","889"
"45","Janice","Daniels","harrisonamber@example.org","2025-06-30","16"
"46","William","Sanders","berryjoshua@example.org","2026-01-17","858"
"47","Raymond","Lang","yacosta@example.net","2025-09-26","612"
"48","Joseph","Harris","kristymorris@example.org","2026-03-22","478"
"49","Tina","Adams","markadams@example.net","2025-08-01","755"
"50","Robert","Oliver","csmith@example.org","2025-07-18","197"
"51","Cameron","Williams","dodsonscott@example.org","2025-08-11","211"
"52","Tara","Nguyen","laura34@example.net","2025-10-04","360"
"53","Adam","Barnes","gonzalezjames@example.org","2025-07-17","814"
"54","Jeremy","Wilson","jeffreydiaz@example.net","2025-08-24","668"
"55","Leah","Hill","collinsjeremiah@example.com","2025-09-10","650"
"56","Andrea","Obrien","hmeyer@example.org","2025-07-19","123"
"57","Jennifer","Murphy","nhansen@example.net","2025-04-01","780"
"58","Craig","Morales","ddorsey@example.org","2025-04-15","551"
"59","Patricia","Williams","shelia81@example.org","2025-12-26","215"
"60","Kayla","Wiley","gonzalesjustin@example.net","2026-01-12","328"
"61","Dylan","Mann","kingsamuel@example.net","2026-01-24","911"
"62","Derrick","Roberts","sandra05@example.org","2025-08-07","22"
"63","Diana","Thomas","wfrederick@example.com","2025-11-04","520"
"64","Devin","Webster","barnesmelissa@example.net","2025-08-23","488"
"65","Jeffrey","Wallace","edward88@example.net","2025-09-21","381"
"66","Robert","Hooper","hamptoneric@example.net","2025-11-12","922"
"67","Jesse","Miller","froth@example.org","2026-03-31","252"
"68","Julie","Gonzalez","brandi62@example.org","2025-09-08","831"
"69","Michael","Edwards","williamsonsteven@example.net","2025-06-05","465"
"70","Joe","Fernandez","edwardhall@example.org","2025-06-22","889"
"71","Daniel","Mack","gomezderrick@example.com","2025-08-02","417"
"72","Kimberly","Anderson","bjensen@example.net","2025-10-08","416"
"73","Anne","Morales","samantha33@example.net","2025-11-07","288"
"74","Crystal","Herring","cfisher@example.com","2025-06-24","834"
"75","Kaylee","Sullivan","rogersemily@example.org","2025-07-17","874"
"76","Jennifer","Wilson","lnavarro@example.org","2025-08-23","777"
"77","Bianca","Jones","joshuapetty@example.org","2025-10-14","461"
"78","Kenneth","Tanner","uvargas@example.net","2025-12-22","864"
"79","Sharon","Bauer","allencrystal@example.com","2025-06-19","302"
"80","Albert","Sexton","kevin87@example.com","2026-01-30","795"
"81","Laura","Haas","andrea03@example.org","2025-05-22","112"
"82","Debra","Ware","christy50@example.org","2025-07-26","26"
"83","Jennifer","Durham","ritacollins@example.org","2025-07-13","781"
"84","Alyssa","Brooks","lisawagner@example.org","2025-05-28","463"
"85","Loretta","Shaffer","josedickson@example.com","2025-11-12","378"
"86","Ricky","Martinez","tracywallace@example.org","2026-03-16","456"
"87","David","Ingram","riveramichael@example.org","2026-01-17","611"
"88","Ricky","Finley","lindsey61@example.com","2026-01-23","570"
"89","Matthew","Aguirre","matthew65@example.com","2025-06-20","216"
"90","John","Smith","robertsheather@example.org","2025-07-11","538"
"91","Nicholas","Stuart","uwise@example.net","2025-12-06","928"
"92","Jacqueline","Williams","lelliott@example.com","2026-03-13","366"
"93","Tammy","Ewing","henrykelsey@example.org","2025-09-18","797"
"94","Cristian","Hall","elizabeth61@example.org","2025-05-14","570"
"95","Greg","Lewis","robert13@example.net","2025-12-02","360"
"96","Randy","Parsons","watsoncynthia@example.net","2025-10-26","782"
"97","Kevin","Walker","nshea@example.com","2025-04-26","326"
"98","Mary","Hansen","vasquezjoel@example.com","2026-03-15","634"
"99","Peter","Beck","zcox@example.org","2025-06-23","37"
"100","Shannon","Rice","lmoon@example.com","2025-11-09","235"
"101","Marie","Anderson","agreen@example.com","2026-02-06","310"
"102","Christine","Shah","asimmons@example.net","2026-03-13","726"
"103","Sherri","Baker","lsampson@example.com","2025-08-27","633"
"104","Andrew","Combs","phillipfoley@example.org","2025-10-01","590"
"105","Caroline","Huffman","fbanks@example.com","2025-05-09","927"
"106","Amanda","Hall","adavis@example.com","2025-04-01","364"
"107","Melissa","Perry","terri13@example.net","2026-03-07","621"
"108","Nathan","Gomez","oadams@example.org","2026-01-25","6"
"109","Jennifer","Smith","wwheeler@example.com","2026-02-01","157"
"110","Raymond","Parker","theresa61@example.org","2025-05-18","886"
"111","Rachel","Reese","benjamincannon@example.org","2025-04-25","821"
"112","Michelle","Davis","mary04@example.net","2025-04-05","772"
"113","Jacqueline","Brown","kevin47@example.net","2025-10-02","125"
"114","John","Burns","escobarjoshua@example.net","2025-09-28","270"
"115","Mark","Combs","donnapalmer@example.org","2025-05-16","87"
"116","Amy","Lopez","uriley@example.org","2025-12-21","181"
"117","Rodney","Snyder","gharris@example.org","2025-11-15","868"
"118","Christina","Goodwin","michael89@example.net","2025-10-31","415"
"119","Kayla","Freeman","troy44@example.com","2025-11-17","766"
"120","Phillip","Guzman","cwright@example.org","2025-06-15","412"
"121","Sheila","Knight","gabriellagonzalez@example.com","2025-08-20","626"
"122","Joanne","Little","felicia65@example.org","2025-11-25","69"
"123","David","Thomas","hannah33@example.org","2026-01-31","918"
"124","Daniel","Sandoval","michael38@example.net","2026-02-18","269"
"125","Vanessa","Thomas","wrightjamie@example.org","2025-12-26","833"
"126","Eric","Arnold","bradleydustin@example.org","2025-10-09","274"
"127","Katherine","Martin","gilmoredavid@example.com","2025-08-20","948"
"128","Jesse","Harris","johnsondorothy@example.com","2025-04-01","103"
"129","Christina","Johnson","william24@example.net","2025-04-06","503"
"130","Susan","Mcintosh","agarcia@example.org","2025-05-25","20"
"131","Heather","Adams","reginaestrada@example.net","2026-01-20","130"
"132","Felicia","Johnson","kaitlynhaynes@example.org","2026-02-01","837"
"133","Michael","Norris","pierceanna@example.net","2026-02-09","239"
"134","Kara","Vance","laceybullock@example.net","2025-09-01","749"
"135","Brad","Robinson","erinduran@example.com","2025-12-02","652"
"136","Julie","Stark","michael41@example.com","2025-11-15","242"
"137","Samuel","Hicks","ellen82@example.com","2025-06-28","665"
"138","Steve","Barrett","hmunoz@example.com","2025-05-07","806"
"139","Brittany","Wilcox","jamesdavidson@example.com","2026-03-08","542"
"140","Samantha","House","bwood@example.org","2026-01-20","304"
"141","Katrina","Newman","gonzalesjustin@example.org","2026-01-10","817"
"142","Tara","Pierce","nmunoz@example.com","2025-05-02","304"
"143","Brian","Smith","xwolf@example.org","2025-11-11","201"
"144","Tracy","Singleton","waltersmichael@example.net","2026-02-15","566"
"145","Megan","Herrera","joshuaanderson@example.org","2025-05-04","872"
"146","Teresa","Holmes","lauraknight@example.com","2025-11-05","462"
"147","Carrie","Pham","kimberlybrandt@example.net","2025-07-18","352"
"148","Chelsea","Rogers","timothy97@example.com","2025-05-28","818"
"149","Kenneth","Winters","kinggeorge@example.com","2025-12-30","473"
"150","Molly","James","sarah77@example.net","2026-02-26","452"
"151","Mason","Gonzalez","thomasleblanc@example.com","2026-01-14","484"
"152","Jordan","Schaefer","nancyday@example.org","2026-02-13","372"
"153","Melissa","Garza","brookeedwards@example.com","2026-02-02","732"
"154","Patrick","Gray","shawn82@example.org","2025-12-31","950"
"155","Cesar","Humphrey","nicholas21@example.com","2026-02-04","354"
"156","Alicia","Morales","williamsangela@example.org","2025-09-05","700"
"157","Amy","Mccarthy","qdavis@example.com","2025-04-24","634"
"158","Tanya","Brown","fwebb@example.com","2025-05-05","137"
"159","Bryan","Collins","gpeterson@example.com","2025-06-03","254"
"160","David","Hampton","xtrevino@example.com","2025-10-28","298"
"161","Karen","Smith","russellthompson@example.net","2025-08-31","276"
"162","Jason","Perez","awright@example.org","2026-03-22","2"
"163","Wendy","Kelly","vreynolds@example.com","2025-06-03","154"
"164","Kevin","Crawford","ivaughn@example.net","2025-09-27","468"
"165","Gabriela","Jones","shayden@example.org","2025-09-05","202"
"166","Andrea","Terry","fsmith@example.org","2025-06-13","764"
"167","Kevin","Gibson","hoodkylie@example.net","2025-04-19","162"
"168","Natalie","Morris","toddwise@example.org","2025-10-04","863"
"169","Tina","Foster","matkins@example.org","2026-01-19","193"
"170","Brian","Delgado","xhorne@example.com","2025-12-10","55"
"171","Lisa","Zuniga","amorris@example.net","2025-10-22","386"
"172","Pamela","Burke","jamessmith@example.org","2026-02-21","771"
"173","Catherine","Hogan","anna14@example.net","2025-08-14","640"
"174","Dylan","Trujillo","wcook@example.org","2026-01-22","105"
"175","Laura","Solomon","nicholascarter@example.org","2025-04-14","532"
"176","Sean","Taylor","kristy49@example.net","2025-07-09","770"
"177","Christine","Rivera","alexissmith@example.com","2026-02-17","919"
"178","Warren","Nguyen","jeffreymcdaniel@example.com","2025-04-07","292"
"179","Marco","Carter","christopher98@example.com","2025-08-08","527"
"180","Richard","Smith","bmason@example.org","2025-06-17","318"
"181","Kimberly","Rios","katrina36@example.net","2025-06-28","107"
"182","Casey","Aguilar","brittanyalexander@example.com","2025-08-17","802"
"183","Kenneth","Rubio","abigail15@example.com","2025-11-09","73"
"184","Steven","Mcfarland","angel41@example.com","2025-10-14","238"
"185","Laura","Mccarthy","susan41@example.net","2026-01-24","980"
"186","Aaron","Wright","delacruzbrandy@example.com","2026-03-09","760"
"187","Marie","Chavez","vargasjuan@example.com","2025-09-24","901"
"188","Justin","Moore","james30@example.com","2025-10-22","404"
"189","Daniel","Duncan","jeffreyreid@example.org","2025-11-28","805"
"190","Charles","Wiggins","psanders@example.net","2025-10-20","492"
"191","Wayne","King","glove@example.net","2025-06-21","855"
"192","Andrea","Beck","lchang@example.org","2025-07-16","590"
"193","Joanna","Silva","james85@example.org","2025-05-24","530"
"194","Vincent","Walters","xgood@example.net","2025-10-01","449"
"195","Jonathan","Stephens","gthompson@example.net","2025-08-10","723"
"196","Carol","Floyd","qroman@example.org","2025-11-27","773"
"197","Shelly","Cantu","dcarter@example.net","2025-10-13","950"
"198","Ann","Taylor","aliciaclark@example.net","2025-08-14","777"
"199","Patricia","Foster","wsmith@example.org","2025-11-04","321"
"200","Jeffrey","Mendoza","tracy70@example.net","2026-03-22","368"
